persona,first_year_mean,first_year_std,first_year_cv,ongoing_mean,ongoing_std,ongoing_cv,confidence_level_mode
Compliance Officer - Large Tech,809.0,427.3289131336657,52.8218681252986,341.0,235.3460808634335,69.0164460010069,high
Small Business Owner,124.0,34.38345855527367,27.728595609091673,32.0,13.98411797560202,43.700368673756316,medium
